{
  "project_info": {
    "project_number": "217195778500",
    "project_id": "flutter-2ab22",
    "storage_bucket": "flutter-2ab22.appspot.com"
  },
  "client": [
    {
      "client_info": {
        "mobilesdk_app_id": "1:217195778500:android:f0a77c8577aaf577599491",
        "android_client_info": {
          "package_name": "com.example.first"
        }
      },
      "oauth_client": [],
      "api_key": [
        {
          "current_key": "AIzaSyDPR2xCrv6wJVJHXiOo3NA8r_ARR0tcNII"
        }
      ],
      "services": {
        "appinvite_service": {
          "other_platform_oauth_client": []
        }
      }
    }
  ],
  "configuration_version": "1"
}